{
  "__comment": "Designed by Inzhefop with Cubik Studio - https://cubik.studio",
  "elements": [
    {
      "__comment": "Box1",
      "from": [
        7,
        0,
        7
      ],
      "to": [
        9,
        12,
        9
      ],
      "faces": {
        "down": {
          "uv": [
            2,
            12,
            4,
            14
          ],
          "texture": "#texture"
        },
        "up": {
          "uv": [
            2,
            0,
            4,
            2
          ],
          "texture": "#texture"
        },
        "north": {
          "uv": [
            2,
            0,
            4,
            12
          ],
          "texture": "#texture"
        },
        "south": {
          "uv": [
            2,
            0,
            4,
            12
          ],
          "texture": "#texture"
        },
        "west": {
          "uv": [
            2,
            0,
            4,
            12
          ],
          "texture": "#texture"
        },
        "east": {
          "uv": [
            2,
            0,
            4,
            12
          ],
          "texture": "#texture"
        }
      }
    }
  ],
  "display": {
    "thirdperson_righthand": {
      "rotation": [
        0,
        90,
        3
      ],
      "translation": [
        0,
        3.3043,
        2.5879
      ],
      "scale": [
        0.85,
        0.85,
        0.85
      ]
    },
    "thirdperson_lefthand": {
      "rotation": [
        0,
        90,
        3
      ],
      "translation": [
        0,
        3.3043,
        2.5879
      ],
      "scale": [
        0.85,
        0.85,
        0.85
      ]
    },
    "firstperson_righthand": {
      "rotation": [
        0,
        90,
        -25
      ],
      "translation": [
        1.13,
        3.2,
        1.13
      ],
      "scale": [
        0.68,
        0.68,
        0.68
      ]
    },
    "firstperson_lefthand": {
      "rotation": [
        0,
        90,
        -25
      ],
      "translation": [
        1.13,
        3.2,
        1.13
      ],
      "scale": [
        0.68,
        0.68,
        0.68
      ]
    },
    "gui": {
      "rotation": [
        30,
        225,
        0
      ],
      "translation": [
        0,
        2.0869,
        0
      ]
    },
    "ground": {
      "translation": [
        0,
        3.3913,
        0
      ],
      "scale": [
        0.5,
        0.5,
        0.5
      ]
    }
  }
}