{
  "__comment": "Designed by Inzhefop with Cubik Studio - https://cubik.studio",
  "elements": [
    {
      "__comment": "Box1",
      "from": [
        0,
        0,
        0
      ],
      "to": [
        16,
        1,
        16
      ],
      "faces": {
        "down": {
          "uv": [
            0,
            0,
            8,
            8
          ],
          "texture": "#texture"
        },
        "up": {
          "uv": [
            8,
            0,
            16,
            8
          ],
          "texture": "#texture"
        },
        "north": {
          "uv": [
            0,
            0,
            8,
            0.5
          ],
          "texture": "#texture"
        },
        "south": {
          "uv": [
            0,
            0,
            8,
            0.5
          ],
          "texture": "#texture"
        },
        "west": {
          "uv": [
            0,
            0,
            8,
            0.5
          ],
          "texture": "#texture"
        },
        "east": {
          "uv": [
            0,
            0,
            8,
            0.5
          ],
          "texture": "#texture"
        }
      }
    },
    {
      "__comment": "Box2",
      "from": [
        6,
        1,
        6
      ],
      "to": [
        10,
        3,
        10
      ],
      "faces": {
        "down": {
          "uv": [
            10,
            2,
            14,
            6
          ],
          "texture": "#texture"
        },
        "up": {
          "uv": [
            10,
            2,
            14,
            6
          ],
          "texture": "#texture"
        },
        "north": {
          "uv": [
            10,
            3.5,
            12,
            4.5
          ],
          "texture": "#texture"
        },
        "south": {
          "uv": [
            10,
            3.5,
            12,
            4.5
          ],
          "texture": "#texture"
        },
        "west": {
          "uv": [
            10,
            3.5,
            12,
            4.5
          ],
          "texture": "#texture"
        },
        "east": {
          "uv": [
            10,
            3.5,
            12,
            4.5
          ],
          "texture": "#texture"
        }
      }
    },
    {
      "__comment": "Box3",
      "from": [
        2,
        3,
        2
      ],
      "to": [
        14,
        15,
        14
      ],
      "faces": {
        "down": {
          "uv": [
            0,
            8,
            6,
            14
          ],
          "texture": "#texture"
        },
        "up": {
          "uv": [
            0,
            8,
            6,
            14
          ],
          "texture": "#texture"
        },
        "north": {
          "uv": [
            0,
            8,
            6,
            14
          ],
          "texture": "#texture"
        },
        "south": {
          "uv": [
            0,
            8,
            6,
            14
          ],
          "texture": "#texture"
        },
        "west": {
          "uv": [
            0,
            8,
            6,
            14
          ],
          "texture": "#texture"
        },
        "east": {
          "uv": [
            0,
            8,
            6,
            14
          ],
          "texture": "#texture"
        }
      }
    },
    {
      "__comment": "Box4",
      "from": [
        5,
        6,
        0
      ],
      "to": [
        11,
        12,
        2
      ],
      "faces": {
        "down": {
          "uv": [
            10,
            2,
            14,
            3.5
          ],
          "texture": "#texture"
        },
        "up": {
          "uv": [
            10,
            2,
            14,
            3.5
          ],
          "texture": "#texture"
        },
        "north": {
          "uv": [
            10,
            2,
            14,
            6
          ],
          "texture": "#texture"
        },
        "south": {
          "uv": [
            10,
            2,
            14,
            6
          ],
          "texture": "#texture"
        },
        "west": {
          "uv": [
            13,
            2.5,
            14,
            6
          ],
          "texture": "#texture"
        },
        "east": {
          "uv": [
            13,
            2.5,
            14,
            6
          ],
          "texture": "#texture"
        }
      }
    },
    {
      "__comment": "Box5",
      "from": [
        5,
        6,
        14
      ],
      "to": [
        11,
        12,
        16
      ],
      "faces": {
        "down": {
          "uv": [
            10,
            2,
            14,
            3
          ],
          "texture": "#texture"
        },
        "up": {
          "uv": [
            10,
            2,
            14,
            3
          ],
          "texture": "#texture"
        },
        "north": {
          "uv": [
            10.5,
            2.5,
            13.5,
            5.5
          ],
          "texture": "#texture"
        },
        "south": {
          "uv": [
            10.5,
            2.5,
            13.5,
            5.5
          ],
          "texture": "#texture"
        },
        "west": {
          "uv": [
            13,
            2,
            14,
            5
          ],
          "texture": "#texture"
        },
        "east": {
          "uv": [
            13,
            2,
            14,
            5
          ],
          "texture": "#texture"
        }
      }
    },
    {
      "__comment": "Box6",
      "from": [
        4,
        5,
        -8
      ],
      "to": [
        12,
        13,
        0
      ],
      "faces": {
        "down": {
          "uv": [
            0.5,
            8.5,
            5.5,
            13.5
          ],
          "texture": "#texture"
        },
        "up": {
          "uv": [
            0.5,
            8.5,
            5.5,
            13.5
          ],
          "texture": "#texture"
        },
        "north": {
          "uv": [
            0.5,
            8.5,
            5.5,
            13.5
          ],
          "texture": "#texture"
        },
        "south": {
          "uv": [
            0.5,
            8.5,
            5.5,
            13.5
          ],
          "texture": "#texture"
        },
        "west": {
          "uv": [
            0.5,
            8.5,
            5.5,
            13.5
          ],
          "texture": "#texture"
        },
        "east": {
          "uv": [
            0.5,
            8.5,
            5.5,
            13.5
          ],
          "texture": "#texture"
        }
      }
    },
    {
      "__comment": "Box7",
      "from": [
        4,
        5,
        16
      ],
      "to": [
        12,
        13,
        24
      ],
      "faces": {
        "down": {
          "uv": [
            0.5,
            8.5,
            5.5,
            13.5
          ],
          "texture": "#texture"
        },
        "up": {
          "uv": [
            0.5,
            8.5,
            5.5,
            13.5
          ],
          "texture": "#texture"
        },
        "north": {
          "uv": [
            0.5,
            8.5,
            5.5,
            13.5
          ],
          "texture": "#texture"
        },
        "south": {
          "uv": [
            0.5,
            8.5,
            5.5,
            13.5
          ],
          "texture": "#texture"
        },
        "west": {
          "uv": [
            0.5,
            8.5,
            5.5,
            13.5
          ],
          "texture": "#texture"
        },
        "east": {
          "uv": [
            0.5,
            8.5,
            5.5,
            13.5
          ],
          "texture": "#texture"
        }
      }
    }
  ],
  "display": {
    "thirdperson_righthand": {
      "rotation": [
        75,
        45,
        0
      ],
      "translation": [
        0,
        2.5,
        0
      ],
      "scale": [
        0.375,
        0.375,
        0.375
      ]
    },
    "thirdperson_lefthand": {
      "rotation": [
        75,
        45,
        0
      ],
      "translation": [
        0,
        2.5,
        0
      ],
      "scale": [
        0.375,
        0.375,
        0.375
      ]
    }
  }
}