{
  "__comment": "Designed by Inzhefop with Cubik Studio - https://cubik.studio",
  "elements": [
    {
      "__comment": "Box1",
      "from": [
        0,
        0,
        0
      ],
      "to": [
        16,
        11,
        16
      ],
      "faces": {
        "down": {
          "uv": [
            0,
            0,
            4,
            2.666667
          ],
          "texture": "#texture",
          "rotation": 90
        },
        "up": {
          "uv": [
            0,
            6.333334,
            8,
            10.66667
          ],
          "texture": "#texture",
          "rotation": 180
        },
        "north": {
          "uv": [
            8,
            12.33333,
            16,
            16
          ],
          "texture": "#texture"
        },
        "south": {
          "uv": [
            4,
            1.666667,
            12,
            5.333333
          ],
          "texture": "#texture"
        },
        "west": {
          "uv": [
            0,
            12.33333,
            8,
            16
          ],
          "texture": "#texture"
        },
        "east": {
          "uv": [
            8,
            12.33333,
            0,
            16
          ],
          "texture": "#texture"
        }
      }
    },
    {
      "__comment": "Box2",
      "from": [
        0,
        11,
        13
      ],
      "to": [
        16,
        13,
        16
      ],
      "faces": {
        "down": {
          "uv": [
            7.5,
            0,
            10.5,
            16
          ],
          "texture": "#texture",
          "rotation": 90
        },
        "up": {
          "uv": [
            0,
            0,
            3,
            16
          ],
          "texture": "#texture",
          "rotation": 270
        },
        "north": {
          "uv": [
            4,
            1,
            12,
            1.666667
          ],
          "texture": "#texture"
        },
        "south": {
          "uv": [
            4,
            1,
            12,
            1.666667
          ],
          "texture": "#texture"
        },
        "west": {
          "uv": [
            6.5,
            11.66667,
            8,
            12.33333
          ],
          "texture": "#texture"
        },
        "east": {
          "uv": [
            6.5,
            11.66667,
            8,
            12.33333
          ],
          "texture": "#texture"
        }
      }
    },
    {
      "__comment": "Box3",
      "from": [
        0,
        13,
        0
      ],
      "to": [
        16,
        16,
        16
      ],
      "faces": {
        "down": {
          "uv": [
            8,
            6.333334,
            16,
            10.66667
          ],
          "texture": "#texture",
          "rotation": 90
        },
        "up": {
          "uv": [
            0,
            2.666667,
            4,
            5.333333
          ],
          "texture": "#texture",
          "rotation": 270
        },
        "north": {
          "uv": [
            8,
            10.66667,
            16,
            11.66667
          ],
          "texture": "#texture"
        },
        "south": {
          "uv": [
            4,
            0,
            12,
            1
          ],
          "texture": "#texture"
        },
        "west": {
          "uv": [
            0,
            10.66667,
            8,
            11.66667
          ],
          "texture": "#texture"
        },
        "east": {
          "uv": [
            8,
            10.66667,
            0,
            11.66667
          ],
          "texture": "#texture"
        }
      }
    }
  ],
  "display": {
    "thirdperson_righthand": {
      "rotation": [
        75,
        45,
        0
      ],
      "translation": [
        0,
        2.5,
        0
      ],
      "scale": [
        0.375,
        0.375,
        0.375
      ]
    },
    "thirdperson_lefthand": {
      "rotation": [
        75,
        45,
        0
      ],
      "translation": [
        0,
        2.5,
        0
      ],
      "scale": [
        0.375,
        0.375,
        0.375
      ]
    },
    "firstperson_righthand": {
      "rotation": [
        0,
        45,
        0
      ],
      "scale": [
        0.4,
        0.4,
        0.4
      ]
    },
    "firstperson_lefthand": {
      "rotation": [
        0,
        45,
        0
      ],
      "scale": [
        0.4,
        0.4,
        0.4
      ]
    },
    "gui": {
      "rotation": [
        30,
        225,
        0
      ],
      "scale": [
        0.625,
        0.625,
        0.625
      ]
    },
    "ground": {
      "translation": [
        0,
        3,
        0
      ],
      "scale": [
        0.25,
        0.25,
        0.25
      ]
    },
    "fixed": {
      "scale": [
        0.5,
        0.5,
        0.5
      ]
    }
  }
}