{
  "__comment": "Designed by Inzhefop with Cubik Studio - https://cubik.studio",
  "elements": [
    {
      "__comment": "Box1",
      "from": [
        2.5,
        0,
        4.5
      ],
      "to": [
        13.5,
        7,
        11.5
      ],
      "faces": {
        "down": {
          "uv": [
            4.5,
            0,
            11.5,
            5.357143
          ],
          "texture": "#texture"
        },
        "up": {
          "uv": [
            4.5,
            0,
            11.5,
            5.357143
          ],
          "texture": "#texture"
        },
        "north": {
          "uv": [
            4.5,
            5.357143,
            11.5,
            10.71429
          ],
          "texture": "#texture"
        },
        "south": {
          "uv": [
            4.5,
            5.357143,
            11.5,
            10.71429
          ],
          "texture": "#texture"
        },
        "west": {
          "uv": [
            0,
            5.357142,
            4.5,
            10.71429
          ],
          "texture": "#texture"
        },
        "east": {
          "uv": [
            0,
            5.357142,
            4.5,
            10.71429
          ],
          "texture": "#texture"
        }
      }
    }
  ],
  "display": {
    "thirdperson_righthand": {
      "rotation": [
        6,
        -180,
        5
      ],
      "translation": [
        0,
        3.4782,
        1.1956
      ],
      "scale": [
        0.5,
        0.5,
        0.5
      ]
    },
    "thirdperson_lefthand": {
      "rotation": [
        6,
        -180,
        5
      ],
      "translation": [
        0,
        3.4782,
        1.1956
      ],
      "scale": [
        0.5,
        0.5,
        0.5
      ]
    },
    "firstperson_righthand": {
      "rotation": [
        0,
        90,
        -25
      ],
      "translation": [
        -0.261,
        5.2869,
        1.13
      ],
      "scale": [
        0.68,
        0.68,
        0.68
      ]
    },
    "firstperson_lefthand": {
      "rotation": [
        0,
        90,
        -25
      ],
      "translation": [
        -0.261,
        5.2869,
        1.13
      ],
      "scale": [
        0.68,
        0.68,
        0.68
      ]
    },
    "gui": {
      "rotation": [
        30,
        225,
        0
      ],
      "translation": [
        0,
        3.4782,
        0
      ]
    },
    "ground": {
      "translation": [
        0,
        2,
        0
      ],
      "scale": [
        0.5,
        0.5,
        0.5
      ]
    }
  }
}