{
  "bounds": [
    -0.5,
    -0.5,
    -0.5,
    4.4408920985e-15,
    0.0,
    0.0
  ],
  "faces": [
    {
      "texture": 1,
      "vertices": [
        [
          -0.370590477449,
          -0.5,
          0.0170370868555,
          0.0,
          -1.0,
          0.0,
          0.37109375,
          0.015625
        ],
        [
          -0.5,
          -0.5,
          0.5,
          0.0,
          -1.0,
          0.0,
          0.5,
          0.5
        ],
        [
          -0.5,
          -0.5,
          0.0,
          0.0,
          -1.0,
          0.0,
          0.5,
          0.0
        ],
        [
          4.4408920985e-15,
          -0.5,
          0.5,
          0.0,
          -1.0,
          0.0,
          0.0,
          0.5
        ],
        [
          -0.25,
          -0.5,
          0.0669872981078,
          0.0,
          -1.0,
          0.0,
          0.25,
          0.06640625
        ],
        [
          -0.146446609407,
          -0.5,
          0.146446609407,
          0.0,
          -1.0,
          0.0,
          0.14453125,
          0.14453125
        ],
        [
          -0.0669872981078,
          -0.5,
          0.25,
          0.0,
          -1.0,
          0.0,
          0.06640625,
          0.25
        ],
        [
          -0.0170370868555,
          -0.5,
          0.370590477449,
          0.0,
          -1.0,
          0.0,
          0.015625,
          0.37109375
        ]
      ],
      "triangles": [
        [
          0,
          1,
          2
        ],
        [
          1,
          0,
          3
        ],
        [
          3,
          0,
          4
        ],
        [
          3,
          4,
          5
        ],
        [
          3,
          5,
          6
        ],
        [
          3,
          6,
          7
        ]
      ]
    },
    {
      "texture": 1,
      "vertices": [
        [
          -0.0170370868555,
          -0.370590477449,
          0.5,
          0.0,
          -2.22044604925e-16,
          1.0,
          0.7734375,
          0.87109375
        ],
        [
          -0.5,
          -0.5,
          0.5,
          0.0,
          -2.22044604925e-16,
          1.0,
          0.2890625,
          1.0
        ],
        [
          4.4408920985e-15,
          -0.5,
          0.5,
          0.0,
          -2.22044604925e-16,
          1.0,
          0.7890625,
          1.0
        ],
        [
          -0.5,
          0.0,
          0.5,
          0.0,
          -2.22044604925e-16,
          1.0,
          0.2890625,
          0.5
        ],
        [
          -0.0669872981078,
          -0.25,
          0.5,
          0.0,
          -2.22044604925e-16,
          1.0,
          0.72265625,
          0.75
        ],
        [
          -0.146446609407,
          -0.146446609407,
          0.5,
          0.0,
          -2.22044604925e-16,
          1.0,
          0.640625,
          0.64453125
        ],
        [
          -0.25,
          -0.0669872981078,
          0.5,
          0.0,
          -2.22044604925e-16,
          1.0,
          0.5390625,
          0.56640625
        ],
        [
          -0.370590477449,
          -0.0170370868555,
          0.5,
          0.0,
          -2.22044604925e-16,
          1.0,
          0.41796875,
          0.515625
        ]
      ],
      "triangles": [
        [
          0,
          1,
          2
        ],
        [
          1,
          0,
          3
        ],
        [
          3,
          0,
          4
        ],
        [
          3,
          4,
          5
        ],
        [
          3,
          5,
          6
        ],
        [
          3,
          6,
          7
        ]
      ]
    },
    {
      "texture": 1,
      "vertices": [
        [
          -0.5,
          -0.0170370868555,
          0.370590477449,
          -1.0,
          0.0,
          0.0,
          0.37109375,
          0.015625
        ],
        [
          -0.5,
          -0.5,
          0.5,
          -1.0,
          0.0,
          0.0,
          0.5,
          0.5
        ],
        [
          -0.5,
          0.0,
          0.5,
          -1.0,
          0.0,
          0.0,
          0.5,
          0.0
        ],
        [
          -0.5,
          -0.5,
          0.0,
          -1.0,
          0.0,
          0.0,
          0.0,
          0.5
        ],
        [
          -0.5,
          -0.0669872981078,
          0.25,
          -1.0,
          0.0,
          0.0,
          0.25,
          0.06640625
        ],
        [
          -0.5,
          -0.146446609407,
          0.146446609407,
          -1.0,
          0.0,
          0.0,
          0.14453125,
          0.14453125
        ],
        [
          -0.5,
          -0.25,
          0.0669872981078,
          -1.0,
          0.0,
          0.0,
          0.06640625,
          0.25
        ],
        [
          -0.5,
          -0.370590477449,
          0.0170370868555,
          -1.0,
          0.0,
          0.0,
          0.015625,
          0.37109375
        ]
      ],
      "triangles": [
        [
          0,
          1,
          2
        ],
        [
          1,
          0,
          3
        ],
        [
          3,
          0,
          4
        ],
        [
          3,
          4,
          5
        ],
        [
          3,
          5,
          6
        ],
        [
          3,
          6,
          7
        ]
      ]
    },
    {
      "texture": 0,
      "vertices": [
        [
          -0.0817418481311,
          -0.370590477449,
          0.258518543428,
          0.837132908138,
          0.256147077833,
          -0.483318909861,
          0.16796875,
          0.41796875
        ],
        [
          -0.125,
          -0.25,
          0.283493649054,
          0.752307140052,
          0.495357065865,
          -0.434344729822,
          0.16796875,
          0.33203125
        ],
        [
          -0.0334936490539,
          -0.370590477449,
          0.375,
          0.933700434737,
          0.256147077833,
          -0.25018427746,
          0.08203125,
          0.41796875
        ]
      ],
      "triangles": [
        [
          0,
          1,
          2
        ]
      ]
    },
    {
      "texture": 0,
      "vertices": [
        [
          -0.125,
          -0.25,
          0.283493649054,
          0.752307140052,
          0.495357065865,
          -0.434344729822,
          0.16796875,
          0.33203125
        ],
        [
          -0.0817418481311,
          -0.25,
          0.387928065979,
          0.839089584096,
          0.495357065865,
          -0.224833376436,
          0.08203125,
          0.33203125
        ],
        [
          -0.0334936490539,
          -0.370590477449,
          0.375,
          0.933700434737,
          0.256147077833,
          -0.25018427746,
          0.08203125,
          0.41796875
        ]
      ],
      "triangles": [
        [
          0,
          1,
          2
        ]
      ]
    },
    {
      "texture": 0,
      "vertices": [
        [
          -0.370590477449,
          -0.0170370868555,
          0.5,
          0.268740242477,
          0.96256268094,
          -0.0353803241243,
          0.0,
          0.08203125
        ],
        [
          -0.375,
          -0.0170370868555,
          0.466506350946,
          0.259745762309,
          0.963165699389,
          -0.069598667248,
          0.08203125,
          0.08203125
        ],
        [
          -0.5,
          0.0,
          0.5,
          0.0841748704314,
          0.992889310233,
          -0.0841748704314,
          0.04296875,
          0.0
        ]
      ],
      "triangles": [
        [
          0,
          1,
          2
        ]
      ]
    },
    {
      "texture": 0,
      "vertices": [
        [
          -0.158493649054,
          -0.370590477449,
          0.158493649054,
          0.683516157277,
          0.256147077833,
          -0.683516157277,
          0.25,
          0.41796875
        ],
        [
          -0.193813782152,
          -0.25,
          0.193813782152,
          0.61425620766,
          0.495357065865,
          -0.61425620766,
          0.25,
          0.33203125
        ],
        [
          -0.0817418481311,
          -0.370590477449,
          0.258518543428,
          0.837132908138,
          0.256147077833,
          -0.483318909861,
          0.16796875,
          0.41796875
        ]
      ],
      "triangles": [
        [
          0,
          1,
          2
        ]
      ]
    },
    {
      "texture": 0,
      "vertices": [
        [
          -0.375,
          -0.0170370868555,
          0.466506350946,
          0.259745762309,
          0.963165699389,
          -0.069598667248,
          0.08203125,
          0.08203125
        ],
        [
          -0.387928065979,
          -0.0170370868555,
          0.435295238724,
          0.232881679486,
          0.963165699389,
          -0.13445430034,
          0.16796875,
          0.08203125
        ],
        [
          -0.5,
          0.0,
          0.5,
          0.0841748704314,
          0.992889310233,
          -0.0841748704314,
          0.125,
          0.0
        ]
      ],
      "triangles": [
        [
          0,
          1,
          2
        ]
      ]
    },
    {
      "texture": 0,
      "vertices": [
        [
          -0.387928065979,
          -0.0170370868555,
          0.435295238724,
          0.232881679486,
          0.963165699389,
          -0.13445430034,
          0.16796875,
          0.08203125
        ],
        [
          -0.408493649054,
          -0.0170370868555,
          0.408493649054,
          0.190147095061,
          0.963165699389,
          -0.190147095061,
          0.25,
          0.08203125
        ],
        [
          -0.5,
          0.0,
          0.5,
          0.0841748704314,
          0.992889310233,
          -0.0841748704314,
          0.20703125,
          0.0
        ]
      ],
      "triangles": [
        [
          0,
          1,
          2
        ]
      ]
    },
    {
      "texture": 0,
      "vertices": [
        [
          -0.408493649054,
          -0.0170370868555,
          0.408493649054,
          0.190147095061,
          0.963165699389,
          -0.190147095061,
          0.25,
          0.08203125
        ],
        [
          -0.435295238724,
          -0.0170370868555,
          0.387928065979,
          0.13445430034,
          0.963165699389,
          -0.232881679486,
          0.33203125,
          0.08203125
        ],
        [
          -0.5,
          0.0,
          0.5,
          0.0841748704314,
          0.992889310233,
          -0.0841748704314,
          0.29296875,
          0.0
        ]
      ],
      "triangles": [
        [
          0,
          1,
          2
        ]
      ]
    },
    {
      "texture": 0,
      "vertices": [
        [
          -0.193813782152,
          -0.25,
          0.193813782152,
          0.61425620766,
          0.495357065865,
          -0.61425620766,
          0.25,
          0.33203125
        ],
        [
          -0.125,
          -0.25,
          0.283493649054,
          0.752307140052,
          0.495357065865,
          -0.434344729822,
          0.16796875,
          0.33203125
        ],
        [
          -0.0817418481311,
          -0.370590477449,
          0.258518543428,
          0.837132908138,
          0.256147077833,
          -0.483318909861,
          0.16796875,
          0.41796875
        ]
      ],
      "triangles": [
        [
          0,
          1,
          2
        ]
      ]
    },
    {
      "texture": 0,
      "vertices": [
        [
          -0.435295238724,
          -0.0170370868555,
          0.387928065979,
          0.13445430034,
          0.963165699389,
          -0.232881679486,
          0.33203125,
          0.08203125
        ],
        [
          -0.466506350946,
          -0.0170370868555,
          0.375,
          0.069598667248,
          0.963165699389,
          -0.259745762309,
          0.41796875,
          0.08203125
        ],
        [
          -0.5,
          0.0,
          0.5,
          0.0841748704314,
          0.992889310233,
          -0.0841748704314,
          0.375,
          0.0
        ]
      ],
      "triangles": [
        [
          0,
          1,
          2
        ]
      ]
    },
    {
      "texture": 0,
      "vertices": [
        [
          -0.466506350946,
          -0.0170370868555,
          0.375,
          0.069598667248,
          0.963165699389,
          -0.259745762309,
          0.41796875,
          0.08203125
        ],
        [
          -0.5,
          -0.0170370868555,
          0.370590477449,
          0.0353803241243,
          0.96256268094,
          -0.268740242477,
          0.5,
          0.08203125
        ],
        [
          -0.5,
          0.0,
          0.5,
          0.0841748704314,
          0.992889310233,
          -0.0841748704314,
          0.45703125,
          0.0
        ]
      ],
      "triangles": [
        [
          0,
          1,
          2
        ]
      ]
    },
    {
      "texture": 0,
      "vertices": [
        [
          -0.323223304703,
          -0.146446609407,
          0.193813782152,
          0.356228152363,
          0.701716476831,
          -0.617005258979,
          0.33203125,
          0.25
        ],
        [
          -0.435295238724,
          -0.0669872981078,
          0.258518543428,
          0.131496882562,
          0.86131876618,
          -0.490753046759,
          0.41796875,
          0.16796875
        ],
        [
          -0.375,
          -0.0669872981078,
          0.283493649054,
          0.254032469886,
          0.86131876618,
          -0.439997144615,
          0.33203125,
          0.16796875
        ]
      ],
      "triangles": [
        [
          0,
          1,
          2
        ]
      ]
    },
    {
      "texture": 0,
      "vertices": [
        [
          -0.408493649054,
          -0.146446609407,
          0.158493649054,
          0.184397260467,
          0.701716476831,
          -0.688179944838,
          0.41796875,
          0.25
        ],
        [
          -0.5,
          -0.146446609407,
          0.146446609407,
          0.0933867519809,
          0.698649911569,
          -0.709342805433,
          0.5,
          0.25
        ],
        [
          -0.5,
          -0.0669872981078,
          0.25,
          0.0667388897425,
          0.859398434378,
          -0.506932196241,
          0.5,
          0.16796875
        ]
      ],
      "triangles": [
        [
          0,
          1,
          2
        ]
      ]
    },
    {
      "texture": 0,
      "vertices": [
        [
          -0.283493649054,
          -0.25,
          0.125,
          0.434344729822,
          0.495357065865,
          -0.752307140052,
          0.33203125,
          0.33203125
        ],
        [
          -0.158493649054,
          -0.370590477449,
          0.158493649054,
          0.683516157277,
          0.256147077833,
          -0.683516157277,
          0.25,
          0.41796875
        ],
        [
          -0.258518543428,
          -0.370590477449,
          0.0817418481311,
          0.483318909861,
          0.256147077833,
          -0.837132908138,
          0.33203125,
          0.41796875
        ]
      ],
      "triangles": [
        [
          0,
          1,
          2
        ]
      ]
    },
    {
      "texture": 0,
      "vertices": [
        [
          -0.193813782152,
          -0.25,
          0.193813782152,
          0.61425620766,
          0.495357065865,
          -0.61425620766,
          0.25,
          0.33203125
        ],
        [
          -0.158493649054,
          -0.370590477449,
          0.158493649054,
          0.683516157277,
          0.256147077833,
          -0.683516157277,
          0.25,
          0.41796875
        ],
        [
          -0.283493649054,
          -0.25,
          0.125,
          0.434344729822,
          0.495357065865,
          -0.752307140052,
          0.33203125,
          0.33203125
        ]
      ],
      "triangles": [
        [
          0,
          1,
          2
        ]
      ]
    },
    {
      "texture": 0,
      "vertices": [
        [
          -0.408493649054,
          -0.146446609407,
          0.158493649054,
          0.184397260467,
          0.701716476831,
          -0.688179944838,
          0.41796875,
          0.25
        ],
        [
          -0.5,
          -0.0669872981078,
          0.25,
          0.0667388897425,
          0.859398434378,
          -0.506932196241,
          0.5,
          0.16796875
        ],
        [
          -0.435295238724,
          -0.0669872981078,
          0.258518543428,
          0.131496882562,
          0.86131876618,
          -0.490753046759,
          0.41796875,
          0.16796875
        ]
      ],
      "triangles": [
        [
          0,
          1,
          2
        ]
      ]
    },
    {
      "texture": 0,
      "vertices": [
        [
          -0.408493649054,
          -0.146446609407,
          0.158493649054,
          0.184397260467,
          0.701716476831,
          -0.688179944838,
          0.41796875,
          0.25
        ],
        [
          -0.283493649054,
          -0.25,
          0.125,
          0.434344729822,
          0.495357065865,
          -0.752307140052,
          0.33203125,
          0.33203125
        ],
        [
          -0.387928065979,
          -0.25,
          0.0817418481311,
          0.224833376436,
          0.495357065865,
          -0.839089584096,
          0.41796875,
          0.33203125
        ]
      ],
      "triangles": [
        [
          0,
          1,
          2
        ]
      ]
    },
    {
      "texture": 0,
      "vertices": [
        [
          -0.387928065979,
          -0.25,
          0.0817418481311,
          0.224833376436,
          0.495357065865,
          -0.839089584096,
          0.41796875,
          0.33203125
        ],
        [
          -0.258518543428,
          -0.370590477449,
          0.0817418481311,
          0.483318909861,
          0.256147077833,
          -0.837132908138,
          0.33203125,
          0.41796875
        ],
        [
          -0.375,
          -0.370590477449,
          0.0334936490539,
          0.25018427746,
          0.256147077833,
          -0.933700434737,
          0.41796875,
          0.41796875
        ]
      ],
      "triangles": [
        [
          0,
          1,
          2
        ]
      ]
    },
    {
      "texture": 0,
      "vertices": [
        [
          -0.0817418481311,
          -0.25,
          0.387928065979,
          0.839089584096,
          0.495357065865,
          -0.224833376436,
          0.08203125,
          0.33203125
        ],
        [
          -0.158493649054,
          -0.146446609407,
          0.408493649054,
          0.688179944838,
          0.701716476831,
          -0.184397260467,
          0.08203125,
          0.25
        ],
        [
          -0.0669872981078,
          -0.25,
          0.5,
          0.863063624973,
          0.492149018472,
          -0.113624481805,
          0.0,
          0.33203125
        ]
      ],
      "triangles": [
        [
          0,
          1,
          2
        ]
      ]
    },
    {
      "texture": 0,
      "vertices": [
        [
          -0.323223304703,
          -0.146446609407,
          0.193813782152,
          0.356228152363,
          0.701716476831,
          -0.617005258979,
          0.33203125,
          0.25
        ],
        [
          -0.283493649054,
          -0.25,
          0.125,
          0.434344729822,
          0.495357065865,
          -0.752307140052,
          0.33203125,
          0.33203125
        ],
        [
          -0.408493649054,
          -0.146446609407,
          0.158493649054,
          0.184397260467,
          0.701716476831,
          -0.688179944838,
          0.41796875,
          0.25
        ]
      ],
      "triangles": [
        [
          0,
          1,
          2
        ]
      ]
    },
    {
      "texture": 0,
      "vertices": [
        [
          -0.283493649054,
          -0.25,
          0.125,
          0.434344729822,
          0.495357065865,
          -0.752307140052,
          0.33203125,
          0.33203125
        ],
        [
          -0.258518543428,
          -0.370590477449,
          0.0817418481311,
          0.483318909861,
          0.256147077833,
          -0.837132908138,
          0.33203125,
          0.41796875
        ],
        [
          -0.387928065979,
          -0.25,
          0.0817418481311,
          0.224833376436,
          0.495357065865,
          -0.839089584096,
          0.41796875,
          0.33203125
        ]
      ],
      "triangles": [
        [
          0,
          1,
          2
        ]
      ]
    },
    {
      "texture": 0,
      "vertices": [
        [
          -0.5,
          -0.146446609407,
          0.146446609407,
          0.0933867519809,
          0.698649911569,
          -0.709342805433,
          0.5,
          0.25
        ],
        [
          -0.387928065979,
          -0.25,
          0.0817418481311,
          0.224833376436,
          0.495357065865,
          -0.839089584096,
          0.41796875,
          0.33203125
        ],
        [
          -0.5,
          -0.25,
          0.0669872981078,
          0.113624481805,
          0.492149018472,
          -0.863063624973,
          0.5,
          0.33203125
        ]
      ],
      "triangles": [
        [
          0,
          1,
          2
        ]
      ]
    },
    {
      "texture": 0,
      "vertices": [
        [
          -0.5,
          -0.25,
          0.0669872981078,
          0.113624481805,
          0.492149018472,
          -0.863063624973,
          0.5,
          0.33203125
        ],
        [
          -0.375,
          -0.370590477449,
          0.0334936490539,
          0.25018427746,
          0.256147077833,
          -0.933700434737,
          0.41796875,
          0.41796875
        ],
        [
          -0.5,
          -0.370590477449,
          0.0170370868555,
          0.126242131953,
          0.254097762308,
          -0.958904192978,
          0.5,
          0.41796875
        ]
      ],
      "triangles": [
        [
          0,
          1,
          2
        ]
      ]
    },
    {
      "texture": 0,
      "vertices": [
        [
          -0.146446609407,
          -0.146446609407,
          0.5,
          0.709342805433,
          0.698649911569,
          -0.0933867519809,
          0.0,
          0.25
        ],
        [
          -0.158493649054,
          -0.146446609407,
          0.408493649054,
          0.688179944838,
          0.701716476831,
          -0.184397260467,
          0.08203125,
          0.25
        ],
        [
          -0.258518543428,
          -0.0669872981078,
          0.435295238724,
          0.490753046759,
          0.86131876618,
          -0.131496882562,
          0.08203125,
          0.16796875
        ]
      ],
      "triangles": [
        [
          0,
          1,
          2
        ]
      ]
    },
    {
      "texture": 0,
      "vertices": [
        [
          -0.158493649054,
          -0.146446609407,
          0.408493649054,
          0.688179944838,
          0.701716476831,
          -0.184397260467,
          0.08203125,
          0.25
        ],
        [
          -0.146446609407,
          -0.146446609407,
          0.5,
          0.709342805433,
          0.698649911569,
          -0.0933867519809,
          0.0,
          0.25
        ],
        [
          -0.0669872981078,
          -0.25,
          0.5,
          0.863063624973,
          0.492149018472,
          -0.113624481805,
          0.0,
          0.33203125
        ]
      ],
      "triangles": [
        [
          0,
          1,
          2
        ]
      ]
    },
    {
      "texture": 0,
      "vertices": [
        [
          -0.387928065979,
          -0.25,
          0.0817418481311,
          0.224833376436,
          0.495357065865,
          -0.839089584096,
          0.41796875,
          0.33203125
        ],
        [
          -0.375,
          -0.370590477449,
          0.0334936490539,
          0.25018427746,
          0.256147077833,
          -0.933700434737,
          0.41796875,
          0.41796875
        ],
        [
          -0.5,
          -0.25,
          0.0669872981078,
          0.113624481805,
          0.492149018472,
          -0.863063624973,
          0.5,
          0.33203125
        ]
      ],
      "triangles": [
        [
          0,
          1,
          2
        ]
      ]
    },
    {
      "texture": 0,
      "vertices": [
        [
          -0.146446609407,
          -0.146446609407,
          0.5,
          0.709342805433,
          0.698649911569,
          -0.0933867519809,
          0.0,
          0.25
        ],
        [
          -0.258518543428,
          -0.0669872981078,
          0.435295238724,
          0.490753046759,
          0.86131876618,
          -0.131496882562,
          0.08203125,
          0.16796875
        ],
        [
          -0.25,
          -0.0669872981078,
          0.5,
          0.506932196241,
          0.859398434378,
          -0.0667388897425,
          0.0,
          0.16796875
        ]
      ],
      "triangles": [
        [
          0,
          1,
          2
        ]
      ]
    },
    {
      "texture": 0,
      "vertices": [
        [
          -0.25,
          -0.0669872981078,
          0.5,
          0.506932196241,
          0.859398434378,
          -0.0667388897425,
          0.0,
          0.16796875
        ],
        [
          -0.258518543428,
          -0.0669872981078,
          0.435295238724,
          0.490753046759,
          0.86131876618,
          -0.131496882562,
          0.08203125,
          0.16796875
        ],
        [
          -0.375,
          -0.0170370868555,
          0.466506350946,
          0.259745762309,
          0.963165699389,
          -0.069598667248,
          0.08203125,
          0.08203125
        ]
      ],
      "triangles": [
        [
          0,
          1,
          2
        ]
      ]
    },
    {
      "texture": 0,
      "vertices": [
        [
          -0.158493649054,
          -0.146446609407,
          0.408493649054,
          0.688179944838,
          0.701716476831,
          -0.184397260467,
          0.08203125,
          0.25
        ],
        [
          -0.193813782152,
          -0.146446609407,
          0.323223304703,
          0.617005258979,
          0.701716476831,
          -0.356228152363,
          0.16796875,
          0.25
        ],
        [
          -0.283493649054,
          -0.0669872981078,
          0.375,
          0.439997144615,
          0.86131876618,
          -0.254032469886,
          0.16796875,
          0.16796875
        ]
      ],
      "triangles": [
        [
          0,
          1,
          2
        ]
      ]
    },
    {
      "texture": 0,
      "vertices": [
        [
          -0.158493649054,
          -0.146446609407,
          0.408493649054,
          0.688179944838,
          0.701716476831,
          -0.184397260467,
          0.08203125,
          0.25
        ],
        [
          -0.283493649054,
          -0.0669872981078,
          0.375,
          0.439997144615,
          0.86131876618,
          -0.254032469886,
          0.16796875,
          0.16796875
        ],
        [
          -0.258518543428,
          -0.0669872981078,
          0.435295238724,
          0.490753046759,
          0.86131876618,
          -0.131496882562,
          0.08203125,
          0.16796875
        ]
      ],
      "triangles": [
        [
          0,
          1,
          2
        ]
      ]
    },
    {
      "texture": 0,
      "vertices": [
        [
          -0.25,
          -0.0669872981078,
          0.5,
          0.506932196241,
          0.859398434378,
          -0.0667388897425,
          0.0,
          0.16796875
        ],
        [
          -0.375,
          -0.0170370868555,
          0.466506350946,
          0.259745762309,
          0.963165699389,
          -0.069598667248,
          0.08203125,
          0.08203125
        ],
        [
          -0.370590477449,
          -0.0170370868555,
          0.5,
          0.268740242477,
          0.96256268094,
          -0.0353803241243,
          0.0,
          0.08203125
        ]
      ],
      "triangles": [
        [
          0,
          1,
          2
        ]
      ]
    },
    {
      "texture": 0,
      "vertices": [
        [
          -0.125,
          -0.25,
          0.283493649054,
          0.752307140052,
          0.495357065865,
          -0.434344729822,
          0.16796875,
          0.33203125
        ],
        [
          -0.193813782152,
          -0.146446609407,
          0.323223304703,
          0.617005258979,
          0.701716476831,
          -0.356228152363,
          0.16796875,
          0.25
        ],
        [
          -0.0817418481311,
          -0.25,
          0.387928065979,
          0.839089584096,
          0.495357065865,
          -0.224833376436,
          0.08203125,
          0.33203125
        ]
      ],
      "triangles": [
        [
          0,
          1,
          2
        ]
      ]
    },
    {
      "texture": 0,
      "vertices": [
        [
          -0.193813782152,
          -0.146446609407,
          0.323223304703,
          0.617005258979,
          0.701716476831,
          -0.356228152363,
          0.16796875,
          0.25
        ],
        [
          -0.25,
          -0.146446609407,
          0.25,
          0.503782684371,
          0.701716476831,
          -0.503782684371,
          0.25,
          0.25
        ],
        [
          -0.323223304703,
          -0.0669872981078,
          0.323223304703,
          0.359256164196,
          0.86131876618,
          -0.359256164196,
          0.25,
          0.16796875
        ]
      ],
      "triangles": [
        [
          0,
          1,
          2
        ]
      ]
    },
    {
      "texture": 0,
      "vertices": [
        [
          -0.193813782152,
          -0.146446609407,
          0.323223304703,
          0.617005258979,
          0.701716476831,
          -0.356228152363,
          0.16796875,
          0.25
        ],
        [
          -0.158493649054,
          -0.146446609407,
          0.408493649054,
          0.688179944838,
          0.701716476831,
          -0.184397260467,
          0.08203125,
          0.25
        ],
        [
          -0.0817418481311,
          -0.25,
          0.387928065979,
          0.839089584096,
          0.495357065865,
          -0.224833376436,
          0.08203125,
          0.33203125
        ]
      ],
      "triangles": [
        [
          0,
          1,
          2
        ]
      ]
    },
    {
      "texture": 0,
      "vertices": [
        [
          -0.258518543428,
          -0.0669872981078,
          0.435295238724,
          0.490753046759,
          0.86131876618,
          -0.131496882562,
          0.08203125,
          0.16796875
        ],
        [
          -0.283493649054,
          -0.0669872981078,
          0.375,
          0.439997144615,
          0.86131876618,
          -0.254032469886,
          0.16796875,
          0.16796875
        ],
        [
          -0.387928065979,
          -0.0170370868555,
          0.435295238724,
          0.232881679486,
          0.963165699389,
          -0.13445430034,
          0.16796875,
          0.08203125
        ]
      ],
      "triangles": [
        [
          0,
          1,
          2
        ]
      ]
    },
    {
      "texture": 0,
      "vertices": [
        [
          -0.25,
          -0.146446609407,
          0.25,
          0.503782684371,
          0.701716476831,
          -0.503782684371,
          0.25,
          0.25
        ],
        [
          -0.193813782152,
          -0.25,
          0.193813782152,
          0.61425620766,
          0.495357065865,
          -0.61425620766,
          0.25,
          0.33203125
        ],
        [
          -0.323223304703,
          -0.146446609407,
          0.193813782152,
          0.356228152363,
          0.701716476831,
          -0.617005258979,
          0.33203125,
          0.25
        ]
      ],
      "triangles": [
        [
          0,
          1,
          2
        ]
      ]
    },
    {
      "texture": 0,
      "vertices": [
        [
          -0.0817418481311,
          -0.25,
          0.387928065979,
          0.839089584096,
          0.495357065865,
          -0.224833376436,
          0.08203125,
          0.33203125
        ],
        [
          -0.0669872981078,
          -0.25,
          0.5,
          0.863063624973,
          0.492149018472,
          -0.113624481805,
          0.0,
          0.33203125
        ],
        [
          -0.0170370868555,
          -0.370590477449,
          0.5,
          0.958904192978,
          0.254097762308,
          -0.126242131953,
          0.0,
          0.41796875
        ]
      ],
      "triangles": [
        [
          0,
          1,
          2
        ]
      ]
    },
    {
      "texture": 0,
      "vertices": [
        [
          -0.323223304703,
          -0.146446609407,
          0.193813782152,
          0.356228152363,
          0.701716476831,
          -0.617005258979,
          0.33203125,
          0.25
        ],
        [
          -0.193813782152,
          -0.25,
          0.193813782152,
          0.61425620766,
          0.495357065865,
          -0.61425620766,
          0.25,
          0.33203125
        ],
        [
          -0.283493649054,
          -0.25,
          0.125,
          0.434344729822,
          0.495357065865,
          -0.752307140052,
          0.33203125,
          0.33203125
        ]
      ],
      "triangles": [
        [
          0,
          1,
          2
        ]
      ]
    },
    {
      "texture": 0,
      "vertices": [
        [
          -0.0334936490539,
          -0.370590477449,
          0.375,
          0.933700434737,
          0.256147077833,
          -0.25018427746,
          0.08203125,
          0.41796875
        ],
        [
          -0.0817418481311,
          -0.25,
          0.387928065979,
          0.839089584096,
          0.495357065865,
          -0.224833376436,
          0.08203125,
          0.33203125
        ],
        [
          -0.0170370868555,
          -0.370590477449,
          0.5,
          0.958904192978,
          0.254097762308,
          -0.126242131953,
          0.0,
          0.41796875
        ]
      ],
      "triangles": [
        [
          0,
          1,
          2
        ]
      ]
    },
    {
      "texture": 0,
      "vertices": [
        [
          -0.435295238724,
          -0.0669872981078,
          0.258518543428,
          0.131496882562,
          0.86131876618,
          -0.490753046759,
          0.41796875,
          0.16796875
        ],
        [
          -0.5,
          -0.0170370868555,
          0.370590477449,
          0.0353803241243,
          0.96256268094,
          -0.268740242477,
          0.5,
          0.08203125
        ],
        [
          -0.466506350946,
          -0.0170370868555,
          0.375,
          0.069598667248,
          0.963165699389,
          -0.259745762309,
          0.41796875,
          0.08203125
        ]
      ],
      "triangles": [
        [
          0,
          1,
          2
        ]
      ]
    },
    {
      "texture": 0,
      "vertices": [
        [
          -0.435295238724,
          -0.0669872981078,
          0.258518543428,
          0.131496882562,
          0.86131876618,
          -0.490753046759,
          0.41796875,
          0.16796875
        ],
        [
          -0.5,
          -0.0669872981078,
          0.25,
          0.0667388897425,
          0.859398434378,
          -0.506932196241,
          0.5,
          0.16796875
        ],
        [
          -0.5,
          -0.0170370868555,
          0.370590477449,
          0.0353803241243,
          0.96256268094,
          -0.268740242477,
          0.5,
          0.08203125
        ]
      ],
      "triangles": [
        [
          0,
          1,
          2
        ]
      ]
    },
    {
      "texture": 0,
      "vertices": [
        [
          -0.25,
          -0.146446609407,
          0.25,
          0.503782684371,
          0.701716476831,
          -0.503782684371,
          0.25,
          0.25
        ],
        [
          -0.193813782152,
          -0.146446609407,
          0.323223304703,
          0.617005258979,
          0.701716476831,
          -0.356228152363,
          0.16796875,
          0.25
        ],
        [
          -0.125,
          -0.25,
          0.283493649054,
          0.752307140052,
          0.495357065865,
          -0.434344729822,
          0.16796875,
          0.33203125
        ]
      ],
      "triangles": [
        [
          0,
          1,
          2
        ]
      ]
    },
    {
      "texture": 0,
      "vertices": [
        [
          -0.375,
          -0.0669872981078,
          0.283493649054,
          0.254032469886,
          0.86131876618,
          -0.439997144615,
          0.33203125,
          0.16796875
        ],
        [
          -0.466506350946,
          -0.0170370868555,
          0.375,
          0.069598667248,
          0.963165699389,
          -0.259745762309,
          0.41796875,
          0.08203125
        ],
        [
          -0.435295238724,
          -0.0170370868555,
          0.387928065979,
          0.13445430034,
          0.963165699389,
          -0.232881679486,
          0.33203125,
          0.08203125
        ]
      ],
      "triangles": [
        [
          0,
          1,
          2
        ]
      ]
    },
    {
      "texture": 0,
      "vertices": [
        [
          -0.375,
          -0.0669872981078,
          0.283493649054,
          0.254032469886,
          0.86131876618,
          -0.439997144615,
          0.33203125,
          0.16796875
        ],
        [
          -0.435295238724,
          -0.0669872981078,
          0.258518543428,
          0.131496882562,
          0.86131876618,
          -0.490753046759,
          0.41796875,
          0.16796875
        ],
        [
          -0.466506350946,
          -0.0170370868555,
          0.375,
          0.069598667248,
          0.963165699389,
          -0.259745762309,
          0.41796875,
          0.08203125
        ]
      ],
      "triangles": [
        [
          0,
          1,
          2
        ]
      ]
    },
    {
      "texture": 0,
      "vertices": [
        [
          -0.323223304703,
          -0.0669872981078,
          0.323223304703,
          0.359256164196,
          0.86131876618,
          -0.359256164196,
          0.25,
          0.16796875
        ],
        [
          -0.435295238724,
          -0.0170370868555,
          0.387928065979,
          0.13445430034,
          0.963165699389,
          -0.232881679486,
          0.33203125,
          0.08203125
        ],
        [
          -0.408493649054,
          -0.0170370868555,
          0.408493649054,
          0.190147095061,
          0.963165699389,
          -0.190147095061,
          0.25,
          0.08203125
        ]
      ],
      "triangles": [
        [
          0,
          1,
          2
        ]
      ]
    },
    {
      "texture": 0,
      "vertices": [
        [
          -0.323223304703,
          -0.0669872981078,
          0.323223304703,
          0.359256164196,
          0.86131876618,
          -0.359256164196,
          0.25,
          0.16796875
        ],
        [
          -0.375,
          -0.0669872981078,
          0.283493649054,
          0.254032469886,
          0.86131876618,
          -0.439997144615,
          0.33203125,
          0.16796875
        ],
        [
          -0.435295238724,
          -0.0170370868555,
          0.387928065979,
          0.13445430034,
          0.963165699389,
          -0.232881679486,
          0.33203125,
          0.08203125
        ]
      ],
      "triangles": [
        [
          0,
          1,
          2
        ]
      ]
    },
    {
      "texture": 0,
      "vertices": [
        [
          -0.323223304703,
          -0.146446609407,
          0.193813782152,
          0.356228152363,
          0.701716476831,
          -0.617005258979,
          0.33203125,
          0.25
        ],
        [
          -0.408493649054,
          -0.146446609407,
          0.158493649054,
          0.184397260467,
          0.701716476831,
          -0.688179944838,
          0.41796875,
          0.25
        ],
        [
          -0.435295238724,
          -0.0669872981078,
          0.258518543428,
          0.131496882562,
          0.86131876618,
          -0.490753046759,
          0.41796875,
          0.16796875
        ]
      ],
      "triangles": [
        [
          0,
          1,
          2
        ]
      ]
    },
    {
      "texture": 0,
      "vertices": [
        [
          -0.283493649054,
          -0.0669872981078,
          0.375,
          0.439997144615,
          0.86131876618,
          -0.254032469886,
          0.16796875,
          0.16796875
        ],
        [
          -0.408493649054,
          -0.0170370868555,
          0.408493649054,
          0.190147095061,
          0.963165699389,
          -0.190147095061,
          0.25,
          0.08203125
        ],
        [
          -0.387928065979,
          -0.0170370868555,
          0.435295238724,
          0.232881679486,
          0.963165699389,
          -0.13445430034,
          0.16796875,
          0.08203125
        ]
      ],
      "triangles": [
        [
          0,
          1,
          2
        ]
      ]
    },
    {
      "texture": 0,
      "vertices": [
        [
          -0.283493649054,
          -0.0669872981078,
          0.375,
          0.439997144615,
          0.86131876618,
          -0.254032469886,
          0.16796875,
          0.16796875
        ],
        [
          -0.323223304703,
          -0.0669872981078,
          0.323223304703,
          0.359256164196,
          0.86131876618,
          -0.359256164196,
          0.25,
          0.16796875
        ],
        [
          -0.408493649054,
          -0.0170370868555,
          0.408493649054,
          0.190147095061,
          0.963165699389,
          -0.190147095061,
          0.25,
          0.08203125
        ]
      ],
      "triangles": [
        [
          0,
          1,
          2
        ]
      ]
    },
    {
      "texture": 0,
      "vertices": [
        [
          -0.258518543428,
          -0.0669872981078,
          0.435295238724,
          0.490753046759,
          0.86131876618,
          -0.131496882562,
          0.08203125,
          0.16796875
        ],
        [
          -0.387928065979,
          -0.0170370868555,
          0.435295238724,
          0.232881679486,
          0.963165699389,
          -0.13445430034,
          0.16796875,
          0.08203125
        ],
        [
          -0.375,
          -0.0170370868555,
          0.466506350946,
          0.259745762309,
          0.963165699389,
          -0.069598667248,
          0.08203125,
          0.08203125
        ]
      ],
      "triangles": [
        [
          0,
          1,
          2
        ]
      ]
    },
    {
      "texture": 0,
      "vertices": [
        [
          -0.193813782152,
          -0.25,
          0.193813782152,
          0.61425620766,
          0.495357065865,
          -0.61425620766,
          0.25,
          0.33203125
        ],
        [
          -0.25,
          -0.146446609407,
          0.25,
          0.503782684371,
          0.701716476831,
          -0.503782684371,
          0.25,
          0.25
        ],
        [
          -0.125,
          -0.25,
          0.283493649054,
          0.752307140052,
          0.495357065865,
          -0.434344729822,
          0.16796875,
          0.33203125
        ]
      ],
      "triangles": [
        [
          0,
          1,
          2
        ]
      ]
    },
    {
      "texture": 0,
      "vertices": [
        [
          -0.408493649054,
          -0.146446609407,
          0.158493649054,
          0.184397260467,
          0.701716476831,
          -0.688179944838,
          0.41796875,
          0.25
        ],
        [
          -0.387928065979,
          -0.25,
          0.0817418481311,
          0.224833376436,
          0.495357065865,
          -0.839089584096,
          0.41796875,
          0.33203125
        ],
        [
          -0.5,
          -0.146446609407,
          0.146446609407,
          0.0933867519809,
          0.698649911569,
          -0.709342805433,
          0.5,
          0.25
        ]
      ],
      "triangles": [
        [
          0,
          1,
          2
        ]
      ]
    },
    {
      "texture": 0,
      "vertices": [
        [
          -0.193813782152,
          -0.146446609407,
          0.323223304703,
          0.617005258979,
          0.701716476831,
          -0.356228152363,
          0.16796875,
          0.25
        ],
        [
          -0.323223304703,
          -0.0669872981078,
          0.323223304703,
          0.359256164196,
          0.86131876618,
          -0.359256164196,
          0.25,
          0.16796875
        ],
        [
          -0.283493649054,
          -0.0669872981078,
          0.375,
          0.439997144615,
          0.86131876618,
          -0.254032469886,
          0.16796875,
          0.16796875
        ]
      ],
      "triangles": [
        [
          0,
          1,
          2
        ]
      ]
    },
    {
      "texture": 0,
      "vertices": [
        [
          -0.375,
          -0.370590477449,
          0.0334936490539,
          0.25018427746,
          0.256147077833,
          -0.933700434737,
          0.41796875,
          0.41796875
        ],
        [
          -0.370590477449,
          -0.5,
          0.0170370868555,
          0.256604812293,
          0.13052619222,
          -0.957662196943,
          0.41796875,
          0.5
        ],
        [
          -0.5,
          -0.370590477449,
          0.0170370868555,
          0.126242131953,
          0.254097762308,
          -0.958904192978,
          0.5,
          0.41796875
        ]
      ],
      "triangles": [
        [
          0,
          1,
          2
        ]
      ]
    },
    {
      "texture": 0,
      "vertices": [
        [
          -0.5,
          -0.370590477449,
          0.0170370868555,
          0.126242131953,
          0.254097762308,
          -0.958904192978,
          0.5,
          0.41796875
        ],
        [
          -0.370590477449,
          -0.5,
          0.0170370868555,
          0.256604812293,
          0.13052619222,
          -0.957662196943,
          0.41796875,
          0.5
        ],
        [
          -0.5,
          -0.5,
          0.0,
          0.129428307996,
          0.129428307996,
          -0.98310560276,
          0.5,
          0.5
        ]
      ],
      "triangles": [
        [
          0,
          1,
          2
        ]
      ]
    },
    {
      "texture": 0,
      "vertices": [
        [
          -0.258518543428,
          -0.370590477449,
          0.0817418481311,
          0.483318909861,
          0.256147077833,
          -0.837132908138,
          0.33203125,
          0.41796875
        ],
        [
          -0.25,
          -0.5,
          0.0669872981078,
          0.495722430687,
          0.13052619222,
          -0.858616436401,
          0.33203125,
          0.5
        ],
        [
          -0.375,
          -0.370590477449,
          0.0334936490539,
          0.25018427746,
          0.256147077833,
          -0.933700434737,
          0.41796875,
          0.41796875
        ]
      ],
      "triangles": [
        [
          0,
          1,
          2
        ]
      ]
    },
    {
      "texture": 0,
      "vertices": [
        [
          -0.375,
          -0.370590477449,
          0.0334936490539,
          0.25018427746,
          0.256147077833,
          -0.933700434737,
          0.41796875,
          0.41796875
        ],
        [
          -0.25,
          -0.5,
          0.0669872981078,
          0.495722430687,
          0.13052619222,
          -0.858616436401,
          0.33203125,
          0.5
        ],
        [
          -0.370590477449,
          -0.5,
          0.0170370868555,
          0.256604812293,
          0.13052619222,
          -0.957662196943,
          0.41796875,
          0.5
        ]
      ],
      "triangles": [
        [
          0,
          1,
          2
        ]
      ]
    },
    {
      "texture": 0,
      "vertices": [
        [
          -0.158493649054,
          -0.370590477449,
          0.158493649054,
          0.683516157277,
          0.256147077833,
          -0.683516157277,
          0.25,
          0.41796875
        ],
        [
          -0.146446609407,
          -0.5,
          0.146446609407,
          0.70105738465,
          0.13052619222,
          -0.70105738465,
          0.25,
          0.5
        ],
        [
          -0.258518543428,
          -0.370590477449,
          0.0817418481311,
          0.483318909861,
          0.256147077833,
          -0.837132908138,
          0.33203125,
          0.41796875
        ]
      ],
      "triangles": [
        [
          0,
          1,
          2
        ]
      ]
    },
    {
      "texture": 0,
      "vertices": [
        [
          -0.25,
          -0.146446609407,
          0.25,
          0.503782684371,
          0.701716476831,
          -0.503782684371,
          0.25,
          0.25
        ],
        [
          -0.323223304703,
          -0.146446609407,
          0.193813782152,
          0.356228152363,
          0.701716476831,
          -0.617005258979,
          0.33203125,
          0.25
        ],
        [
          -0.375,
          -0.0669872981078,
          0.283493649054,
          0.254032469886,
          0.86131876618,
          -0.439997144615,
          0.33203125,
          0.16796875
        ]
      ],
      "triangles": [
        [
          0,
          1,
          2
        ]
      ]
    },
    {
      "texture": 0,
      "vertices": [
        [
          -0.258518543428,
          -0.370590477449,
          0.0817418481311,
          0.483318909861,
          0.256147077833,
          -0.837132908138,
          0.33203125,
          0.41796875
        ],
        [
          -0.146446609407,
          -0.5,
          0.146446609407,
          0.70105738465,
          0.13052619222,
          -0.70105738465,
          0.25,
          0.5
        ],
        [
          -0.25,
          -0.5,
          0.0669872981078,
          0.495722430687,
          0.13052619222,
          -0.858616436401,
          0.33203125,
          0.5
        ]
      ],
      "triangles": [
        [
          0,
          1,
          2
        ]
      ]
    },
    {
      "texture": 0,
      "vertices": [
        [
          -0.158493649054,
          -0.370590477449,
          0.158493649054,
          0.683516157277,
          0.256147077833,
          -0.683516157277,
          0.25,
          0.41796875
        ],
        [
          -0.0817418481311,
          -0.370590477449,
          0.258518543428,
          0.837132908138,
          0.256147077833,
          -0.483318909861,
          0.16796875,
          0.41796875
        ],
        [
          -0.0669872981078,
          -0.5,
          0.25,
          0.858616436401,
          0.13052619222,
          -0.495722430687,
          0.16796875,
          0.5
        ]
      ],
      "triangles": [
        [
          0,
          1,
          2
        ]
      ]
    },
    {
      "texture": 0,
      "vertices": [
        [
          -0.146446609407,
          -0.5,
          0.146446609407,
          0.70105738465,
          0.13052619222,
          -0.70105738465,
          0.25,
          0.5
        ],
        [
          -0.158493649054,
          -0.370590477449,
          0.158493649054,
          0.683516157277,
          0.256147077833,
          -0.683516157277,
          0.25,
          0.41796875
        ],
        [
          -0.0669872981078,
          -0.5,
          0.25,
          0.858616436401,
          0.13052619222,
          -0.495722430687,
          0.16796875,
          0.5
        ]
      ],
      "triangles": [
        [
          0,
          1,
          2
        ]
      ]
    },
    {
      "texture": 0,
      "vertices": [
        [
          -0.0817418481311,
          -0.370590477449,
          0.258518543428,
          0.837132908138,
          0.256147077833,
          -0.483318909861,
          0.16796875,
          0.41796875
        ],
        [
          -0.0334936490539,
          -0.370590477449,
          0.375,
          0.933700434737,
          0.256147077833,
          -0.25018427746,
          0.08203125,
          0.41796875
        ],
        [
          -0.0170370868555,
          -0.5,
          0.370590477449,
          0.957662196943,
          0.13052619222,
          -0.256604812293,
          0.08203125,
          0.5
        ]
      ],
      "triangles": [
        [
          0,
          1,
          2
        ]
      ]
    },
    {
      "texture": 0,
      "vertices": [
        [
          -0.0669872981078,
          -0.5,
          0.25,
          0.858616436401,
          0.13052619222,
          -0.495722430687,
          0.16796875,
          0.5
        ],
        [
          -0.0817418481311,
          -0.370590477449,
          0.258518543428,
          0.837132908138,
          0.256147077833,
          -0.483318909861,
          0.16796875,
          0.41796875
        ],
        [
          -0.0170370868555,
          -0.5,
          0.370590477449,
          0.957662196943,
          0.13052619222,
          -0.256604812293,
          0.08203125,
          0.5
        ]
      ],
      "triangles": [
        [
          0,
          1,
          2
        ]
      ]
    },
    {
      "texture": 0,
      "vertices": [
        [
          -0.0334936490539,
          -0.370590477449,
          0.375,
          0.933700434737,
          0.256147077833,
          -0.25018427746,
          0.08203125,
          0.41796875
        ],
        [
          -0.0170370868555,
          -0.370590477449,
          0.5,
          0.958904192978,
          0.254097762308,
          -0.126242131953,
          0.0,
          0.41796875
        ],
        [
          4.4408920985e-15,
          -0.5,
          0.5,
          0.98310560276,
          0.129428307996,
          -0.129428307996,
          0.0,
          0.5
        ]
      ],
      "triangles": [
        [
          0,
          1,
          2
        ]
      ]
    },
    {
      "texture": 0,
      "vertices": [
        [
          -0.25,
          -0.146446609407,
          0.25,
          0.503782684371,
          0.701716476831,
          -0.503782684371,
          0.25,
          0.25
        ],
        [
          -0.375,
          -0.0669872981078,
          0.283493649054,
          0.254032469886,
          0.86131876618,
          -0.439997144615,
          0.33203125,
          0.16796875
        ],
        [
          -0.323223304703,
          -0.0669872981078,
          0.323223304703,
          0.359256164196,
          0.86131876618,
          -0.359256164196,
          0.25,
          0.16796875
        ]
      ],
      "triangles": [
        [
          0,
          1,
          2
        ]
      ]
    },
    {
      "texture": 0,
      "vertices": [
        [
          -0.0170370868555,
          -0.5,
          0.370590477449,
          0.957662196943,
          0.13052619222,
          -0.256604812293,
          0.08203125,
          0.5
        ],
        [
          -0.0334936490539,
          -0.370590477449,
          0.375,
          0.933700434737,
          0.256147077833,
          -0.25018427746,
          0.08203125,
          0.41796875
        ],
        [
          4.4408920985e-15,
          -0.5,
          0.5,
          0.98310560276,
          0.129428307996,
          -0.129428307996,
          0.0,
          0.5
        ]
      ],
      "triangles": [
        [
          0,
          1,
          2
        ]
      ]
    }
  ]
}