{
  "__comment": "Designed by Inzhefop with Cubik Studio - https://cubik.studio",
  "elements": [
    {
      "__comment": "Box1",
      "from": [
        -2,
        0,
        6.5
      ],
      "to": [
        -1,
        1,
        7.5
      ],
      "faces": {
        "down": {
          "uv": [
            14,
            8.5,
            15,
            9.5
          ],
          "texture": "#texture"
        },
        "up": {
          "uv": [
            14,
            6.5,
            15,
            7.5
          ],
          "texture": "#texture"
        },
        "north": {
          "uv": [
            1,
            15,
            2,
            16
          ],
          "texture": "#texture"
        },
        "south": {
          "uv": [
            14,
            15,
            15,
            16
          ],
          "texture": "#texture"
        },
        "west": {
          "uv": [
            6.5,
            15,
            7.5,
            16
          ],
          "texture": "#texture"
        },
        "east": {
          "uv": [
            8.5,
            15,
            9.5,
            16
          ],
          "texture": "#texture"
        }
      }
    }
  ]
}